id,name,image_link,price,availability,category
1607,Tivoli,https://127.0.0.1/media/Product/1607/resized640_tivoli-cutie-pranz.webp,299.42,"in stock",
1608,"Rose Gold",https://127.0.0.1/media/Product/1608/resized640_rose-gold-cutie-pranz.webp,299.42,"in stock",
1610,"Black Marble 330 ml",https://127.0.0.1/media/Product/1610/resized640_black-marble-330-ml-sticla-termos.webp,134.74,"in stock",
1611,"Black Marble 500 ml",https://127.0.0.1/media/Product/1611/resized640_black-marble-500-ml-sticla-termos.webp,174.66,"in stock",
1612,"Black Marble 850 ml",https://127.0.0.1/media/Product/1612/resized640_black-marble-850-ml-sticla-termos.webp,224.57,"in stock",
1613,"Black Marble 350 ml",https://127.0.0.1/media/Product/1613/resized640_black-marble-350-ml-cana-termos.webp,144.72,"in stock",
1614,"Black Marble 600 ml",https://127.0.0.1/media/Product/1614/resized640_black-marble-600-ml-cana-termos.webp,184.64,"in stock",
1615,"Black Radiance 330 ml",https://127.0.0.1/media/Product/1615/resized640_black-radiance-330-ml-sticla-termos.webp,149.71,"in stock",
1616,"Black Radiance 500 ml",https://127.0.0.1/media/Product/1616/resized640_black-radiance-500-ml-sticla-termos.webp,199.62,"in stock",
1617,"Carrara 330 ml",https://127.0.0.1/media/Product/1617/resized640_carrara-330-ml-sticla-termos.webp,134.74,"in stock",
1618,"Carrara 500 ml",https://127.0.0.1/media/Product/1618/resized640_carrara-500-ml-sticla-termos.webp,174.66,"in stock",
1619,"Carrara 850 ml",https://127.0.0.1/media/Product/1619/resized640_carrara-850-ml-sticla-termos.webp,224.57,"in stock",
1620,"Carrara 350 ml",https://127.0.0.1/media/Product/1620/resized640_carrara-350-ml-cana-termos.webp,144.72,"in stock",
1621,"Carrara 600 ml",https://127.0.0.1/media/Product/1621/resized640_carrara-600-ml-cana-termos.webp,184.64,"in stock",
1622,"Celebrity 500 ml",https://127.0.0.1/media/Product/1622/resized640_celebrity-500-ml-sticla-termos.webp,199.62,"in stock",
1623,"Chianti Red 500 ml",https://127.0.0.1/media/Product/1623/resized640_chianti-red-500-ml-sticla-termos.webp,199.62,"in stock",
1624,"Green Marble 500 ml",https://127.0.0.1/media/Product/1624/resized640_green-marble-500-ml-sticla-termos.webp,174.66,"in stock",
1625,"Lush 500 ml",https://127.0.0.1/media/Product/1625/resized640_lush-500-ml-sticla-termos.webp,174.66,"in stock",
1626,"Lush 850 ml",https://127.0.0.1/media/Product/1626/resized640_lush-850-ml-sticla-termos.webp,224.57,"in stock",
1627,"Lush 350 ml",https://127.0.0.1/media/Product/1627/resized640_lush-350-ml-cana-termos.webp,144.72,"in stock",
1628,"Lush 600 ml",https://127.0.0.1/media/Product/1628/resized640_lush-600-ml-cana-termos.webp,184.64,"in stock",
1629,"Marble Pink 330 ml",https://127.0.0.1/media/Product/1629/resized640_marble-pink-330-ml-sticla-termos.webp,134.74,"in stock",
1630,"Marble Pink 500 ml",https://127.0.0.1/media/Product/1630/resized640_marble-pink-500-ml-sticla-termos.webp,174.66,"in stock",
1631,"Marble Pink 850 ml",https://127.0.0.1/media/Product/1631/resized640_marble-pink-850-ml-sticla-termos.webp,224.57,"in stock",
1634,"Prosecco Gold 500 ml",https://127.0.0.1/media/Product/1634/resized640_prosecco-gold-500-ml-sticla-termos.webp,199.62,"in stock",
1635,"Riace 500 ml",https://127.0.0.1/media/Product/1635/resized640_riace-500-ml-sticla-termos.webp,174.66,"in stock",
1636,"Rose Gold 330 ml",https://127.0.0.1/media/Product/1636/resized640_rose-gold-330-ml-sticla-termos.webp,149.71,"in stock",
1637,"Rose Gold 500 ml",https://127.0.0.1/media/Product/1637/resized640_rose-gold-500-ml-sticla-termos.webp,199.62,"in stock",
1638,"Rose Gold 350 ml",https://127.0.0.1/media/Product/1638/resized640_rose-gold-350-ml-cana-termos.webp,174.66,"in stock",
1639,"Skybeau 500 ml",https://127.0.0.1/media/Product/1639/resized640_skybeau-500-ml-sticla-termos.webp,199.62,"in stock",
1640,"Tivoli 500 ml",https://127.0.0.1/media/Product/1640/resized640_tivoli-500-ml-sticla-termos.webp,174.66,"in stock",
1641,"Tivoli 850 ml",https://127.0.0.1/media/Product/1641/resized640_tivoli-850-ml-sticla-termos.webp,224.57,"in stock",
1642,"Tivoli 350 ml",https://127.0.0.1/media/Product/1642/resized640_tivoli-350-ml-cana-termos.webp,144.72,"in stock",
1643,"Villa 500 ml",https://127.0.0.1/media/Product/1643/resized640_villa-500-ml-sticla-termos.webp,174.66,"in stock",
1644,"Wabi 500 ml",https://127.0.0.1/media/Product/1644/resized640_wabi-500-ml-sticla-termos.webp,174.66,"in stock",
1646,"Wabi 350 ml",https://127.0.0.1/media/Product/1646/resized640_wabi-350-ml-cana-termos.webp,144.72,"in stock",
1648,"Arctic White 500 ml",https://127.0.0.1/media/Product/1648/resized640_arctic-white-500-ml-sticla-termos.webp,174.66,"in stock",
1649,"Atlantic Bay 330 ml",https://127.0.0.1/media/Product/1649/resized640_atlantic-bay-330-ml-sticla-termos.webp,134.74,"in stock",
1650,"Atlantic Bay 500 ml",https://127.0.0.1/media/Product/1650/resized640_atlantic-bay-500-ml-sticla-termos.webp,174.66,"in stock",
1651,"Atlantic Bay 850 ml",https://127.0.0.1/media/Product/1651/resized640_atlantic-bay-850-ml-sticla-termos.webp,224.57,"in stock",
1652,"Atlantic Bay 250 ml",https://127.0.0.1/media/Product/1652/resized640_atlantic-bay-250-ml-sticla-apa.webp,74.86,"in stock",
1653,"Atlantic Bay 500 ml",https://127.0.0.1/media/Product/1653/resized640_atlantic-bay-500-ml-sticla-apa.webp,99.81,"in stock",
1654,"Atlantic Bay 1000 ml",https://127.0.0.1/media/Product/1654/resized640_atlantic-bay-1000-ml-sticla-apa.webp,124.76,"in stock",
1655,"Atlantic Bay 350 ml",https://127.0.0.1/media/Product/1655/resized640_atlantic-bay-350-ml-cana-termos.webp,144.72,"in stock",
1656,"Blush Rose 500 ml",https://127.0.0.1/media/Product/1656/resized640_blush-rose-500-ml-sticla-termos.webp,174.66,"in stock",
1657,"Blush Rose 500 ml",https://127.0.0.1/media/Product/1657/resized640_blush-rose-500-ml-sticla-apa.webp,99.81,"in stock",
1658,"Brushed Steel 330 ml",https://127.0.0.1/media/Product/1658/resized640_brushed-steel-330-ml-sticla-termos.webp,134.74,"in stock",
1659,"Brushed Steel 500 ml",https://127.0.0.1/media/Product/1659/resized640_brushed-steel-500-ml-sticla-termos.webp,174.66,"in stock",
1660,"Brushed Steel 850 ml",https://127.0.0.1/media/Product/1660/resized640_brushed-steel-850-ml-sticla-termos.webp,224.57,"in stock",
1661,"Brushed Steel 250 ml",https://127.0.0.1/media/Product/1661/resized640_brushed-steel-250-ml-sticla-apa.webp,74.86,"in stock",
1662,"Brushed Steel 500 ml",https://127.0.0.1/media/Product/1662/resized640_brushed-steel-500-ml-sticla-apa.webp,99.81,"in stock",
1663,"Brushed Steel 1000 ml",https://127.0.0.1/media/Product/1663/resized640_brushed-steel-1000-ml-sticla-apa.webp,124.76,"in stock",
1664,"Brushed Steel 350 ml",https://127.0.0.1/media/Product/1664/resized640_brushed-steel-350-ml-cana-termos.webp,144.72,"in stock",
1665,"Brushed Steel 600 ml",https://127.0.0.1/media/Product/1665/resized640_brushed-steel-600-ml-cana-termos.webp,184.64,"in stock",
1667,"Citrus 500 ml",https://127.0.0.1/media/Product/1667/resized640_citrus-500-ml-sticla-termos.webp,174.66,"in stock",
1668,"Citrus 500 ml",https://127.0.0.1/media/Product/1668/resized640_citrus-500-ml-sticla-apa.webp,99.81,"in stock",
1669,"Country Red 500 ml",https://127.0.0.1/media/Product/1669/resized640_country-red-500-ml-sticla-termos.webp,174.66,"in stock",
1670,"Country Red 500 ml",https://127.0.0.1/media/Product/1670/resized640_country-red-500-ml-sticla-apa.webp,99.81,"in stock",
1671,"Deep Blue 500 ml",https://127.0.0.1/media/Product/1671/resized640_deep-blue-500-ml-sticla-termos.webp,174.66,"in stock",
1672,"Deep Blue 850 ml",https://127.0.0.1/media/Product/1672/resized640_deep-blue-850-ml-sticla-termos.webp,224.57,"in stock",
1673,"Deep Blue 350 ml",https://127.0.0.1/media/Product/1673/resized640_deep-blue-350-ml-cana-termos.webp,144.72,"in stock",
1674,"Deep Blue 600 ml",https://127.0.0.1/media/Product/1674/resized640_deep-blue-600-ml-cana-termos.webp,184.64,"in stock",
1677,"Dusty Pink 500 ml",https://127.0.0.1/media/Product/1677/resized640_dusty-pink-500-ml-sticla-termos.webp,174.66,"in stock",
1680,"Dusty Pink 500 ml",https://127.0.0.1/media/Product/1680/resized640_dusty-pink-500-ml-sticla-apa.webp,99.81,"in stock",
1683,"Eclipse 500 ml",https://127.0.0.1/media/Product/1683/resized640_eclipse-500-ml-sticla-termos.webp,174.66,"in stock",
1685,"Emerald Green 500 ml",https://127.0.0.1/media/Product/1685/resized640_emerald-green-500-ml-sticla-termos.webp,174.66,"in stock",
1686,"Emerald Green 500 ml",https://127.0.0.1/media/Product/1686/resized640_emerald-green-500-ml-sticla-apa.webp,99.81,"in stock",
1687,"Erica 500 ml",https://127.0.0.1/media/Product/1687/resized640_erica-500-ml-sticla-termos.webp,174.66,"in stock",
1688,"Erica 500 ml",https://127.0.0.1/media/Product/1688/resized640_erica-500-ml-sticla-apa.webp,99.81,"in stock",
1689,"Erica 350 ml",https://127.0.0.1/media/Product/1689/resized640_erica-350-ml-cana-termos.webp,144.72,"in stock",
1690,"Formal Grey 500 ml",https://127.0.0.1/media/Product/1690/resized640_formal-grey-500-ml-sticla-termos.webp,174.66,"in stock",
1692,"Formal Grey 500 ml",https://127.0.0.1/media/Product/1692/resized640_stone-formal-grey-500-ml-sticla-apa.webp,99.81,"in stock",
1694,"Formal Grey 1000 ml",https://127.0.0.1/media/Product/1694/resized640_stone-formal-grey-1000-ml-sticla-apa.webp,124.76,"in stock",
1695,"Gold Blue 500 ml",https://127.0.0.1/media/Product/1695/resized640_gold-blue-500-ml-sticla-termos.webp,174.66,"in stock",
1696,"Stone Gold Blue 500 ml",https://127.0.0.1/media/Product/1696/resized640_stone-gold-blue-500-ml-sticla-termos.webp,174.66,"in stock",
1699,"Gold Blue 500 ml",https://127.0.0.1/media/Product/1699/resized640_gold-blue-500-ml-sticla-apa.webp,99.81,"in stock",
1700,"Gold Blue 1000 ml",https://127.0.0.1/media/Product/1700/resized640_gold-blue-1000-ml-sticla-apa.webp,124.76,"in stock",
1701,"Gravity 500 ml",https://127.0.0.1/media/Product/1701/resized640_gravity-500-ml-sticla-termos.webp,174.66,"in stock",
1702,"Gravity 500 ml",https://127.0.0.1/media/Product/1702/resized640_gravity-500-ml-sticla-apa.webp,99.81,"in stock",
1703,"Hot Red 330 ml",https://127.0.0.1/media/Product/1703/resized640_hot-red-330-ml-sticla-termos.webp,134.74,"in stock",
1705,"Stone Hot Red 500 ml",https://127.0.0.1/media/Product/1705/resized640_stone-hot-red-500-ml-sticla-termos.webp,174.66,"in stock",
1707,"Stone Hot Red 850 ml",https://127.0.0.1/media/Product/1707/resized640_stone-hot-red-850-ml-sticla-termos.webp,224.57,"in stock",
1709,"Stone Hot Red 250 ml",https://127.0.0.1/media/Product/1709/resized640_stone-hot-red-250-ml-sticla-apa.webp,74.86,"in stock",
1710,"Hot Red 500 ml",https://127.0.0.1/media/Product/1710/resized640_hot-red-500-ml-sticla-apa.webp,99.81,"in stock",
1712,"Stone-Hot Red 1000 ml",https://127.0.0.1/media/Product/1712/resized640_stone-hot-red-1000-ml-sticla-apa.webp,124.76,"in stock",
1714,"Stone Ice White 330 ml",https://127.0.0.1/media/Product/1714/resized640_stone-ice-white-330-ml-sticla-termos.webp,134.74,"in stock",
1715,"Ice White 500 ml",https://127.0.0.1/media/Product/1715/resized640_ice-white-500-ml-sticla-termos.webp,174.66,"in stock",
1716,"Ice White 850 ml",https://127.0.0.1/media/Product/1716/resized640_ice-white-850-ml-sticla-termos.webp,224.57,"in stock",
1718,"Stone Ice White 250 ml",https://127.0.0.1/media/Product/1718/resized640_stone-ice-white-250-ml-sticla-apa.webp,74.86,"in stock",
1719,"Stone Ice White 500 ml",https://127.0.0.1/media/Product/1719/resized640_stone-ice-white-500-ml-sticla-apa.webp,99.81,"in stock",
1722,"Stone Ice White 1000 ml",https://127.0.0.1/media/Product/1722/resized640_stone-ice-white-1000-ml-sticla-apa.webp,124.76,"in stock",
1723,"Ice White 350 ml",https://127.0.0.1/media/Product/1723/resized640_ice-white-350-ml-cana-termos.webp,144.72,"in stock",
1725,"Stone Ice White 600 ml",https://127.0.0.1/media/Product/1725/resized640_stone-ice-white-600-ml-cana-termos.webp,184.64,"in stock",
1726,"Lagoon Blue 500 ml",https://127.0.0.1/media/Product/1726/resized640_lagoon-blue-500-ml-sticla-termos.webp,174.66,"in stock",
1727,"Lagoon Blue 500 ml",https://127.0.0.1/media/Product/1727/resized640_lagoon-blue-500-ml-sticla-apa.webp,99.81,"in stock",
1729,"Stone Lime Green 500 ml",https://127.0.0.1/media/Product/1729/resized640_stone-lime-green-500-ml-sticla-termos.webp,174.66,"in stock",
1731,"Stone Lime Green 500 ml",https://127.0.0.1/media/Product/1731/resized640_stone-lime-green-500-ml-sticla-apa.webp,99.81,"in stock",
1733,"Mauve 500 ml",https://127.0.0.1/media/Product/1733/resized640_mauve-500-ml-sticla-termos.webp,174.66,"in stock",
1734,"Mauve 500 ml",https://127.0.0.1/media/Product/1734/resized640_mauve-500-ml-sticla-apa.webp,99.81,"in stock",
1735,"Mint 500 ml",https://127.0.0.1/media/Product/1735/resized640_mint-500-ml-sticla-termos.webp,174.66,"in stock",
1736,"Mint 500 ml",https://127.0.0.1/media/Product/1736/resized640_mint-500-ml-sticla-apa.webp,99.81,"in stock",
1738,"Mirror Steel 500 ml",https://127.0.0.1/media/Product/1738/resized640_mirror-steel-500-ml-sticla-termos.webp,174.66,"in stock",
1739,"Mirror Steel 350 ml",https://127.0.0.1/media/Product/1739/resized640_mirror-steel-350-ml-cana-termos.webp,144.72,"in stock",
1740,"Moss Green 500 ml",https://127.0.0.1/media/Product/1740/resized640_moss-green-500-ml-sticla-termos.webp,174.66,"in stock",
1741,"Moss Green 850 ml",https://127.0.0.1/media/Product/1741/resized640_moss-green-850-ml-sticla-termos.webp,224.57,"in stock",
1742,"Pachino 500 ml",https://127.0.0.1/media/Product/1742/resized640_pachino-500-ml-sticla-termos.webp,174.66,"in stock",
1743,"Pachino 500 ml",https://127.0.0.1/media/Product/1743/resized640_pachino-500-ml-sticla-apa.webp,99.81,"in stock",
1744,"Pacific Beach 500 ml",https://127.0.0.1/media/Product/1744/resized640_pacific-beach-500-ml-sticla-termos.webp,174.66,"in stock",
1745,"Pacific Beach 500 ml",https://127.0.0.1/media/Product/1745/resized640_pacific-beach-500-ml-sticla-apa.webp,99.81,"in stock",
1746,"Pacific Beach 350 ml",https://127.0.0.1/media/Product/1746/resized640_pacific-beach-350-ml-cana-termos.webp,144.72,"in stock",
1747,"Passion Pink 500 ml",https://127.0.0.1/media/Product/1747/resized640_passion-pink-500-ml-sticla-termos.webp,174.66,"in stock",
1748,"Passion Pink 500 ml",https://127.0.0.1/media/Product/1748/resized640_passion-pink-500-ml-sticla-apa.webp,99.81,"in stock",
1753,"Powder Blue 500 ml",https://127.0.0.1/media/Product/1753/resized640_powder-blue-500-ml-sticla-termos.webp,174.66,"in stock",
1754,"Powder Blue 250 ml",https://127.0.0.1/media/Product/1754/resized640_powder-blue-250-ml-sticla-apa.webp,74.86,"in stock",
1755,"Powder Blue 500 ml",https://127.0.0.1/media/Product/1755/resized640_powder-blue-500-ml-sticla-apa.webp,99.81,"in stock",
1756,"Powder Blue 1000 ml",https://127.0.0.1/media/Product/1756/resized640_powder-blue-1000-ml-sticla-apa.webp,124.76,"in stock",
1757,"Powder Blue 350 ml",https://127.0.0.1/media/Product/1757/resized640_powder-blue-350-ml-cana-termos.webp,144.72,"in stock",
1758,"Safari Khaki 500 ml",https://127.0.0.1/media/Product/1758/resized640_safari-khaki-500-ml-sticla-termos.webp,174.66,"in stock",
1759,"Sage 500 ml",https://127.0.0.1/media/Product/1759/resized640_sage-500-ml-sticla-termos.webp,174.66,"in stock",
1760,"Sage 500 ml",https://127.0.0.1/media/Product/1760/resized640_sage-500-ml-sticla-apa.webp,99.81,"in stock",
1761,"Sage 1000 ml",https://127.0.0.1/media/Product/1761/resized640_sage-1000-ml-sticla-apa.webp,124.76,"in stock",
1763,"Sunset Orange 500 ml",https://127.0.0.1/media/Product/1763/resized640_sunset-orange-500-ml-sticla-termos.webp,174.66,"in stock",
1764,"Sunset Orange 350 ml",https://127.0.0.1/media/Product/1764/resized640_sunset-orange-350-ml-cana-termos.webp,144.72,"in stock",
1765,"Taxi Yellow 500 ml",https://127.0.0.1/media/Product/1765/resized640_taxi-yellow-500-ml-sticla-termos.webp,174.66,"in stock",
1766,"Taxi Yellow 500 ml",https://127.0.0.1/media/Product/1766/resized640_taxi-yellow-500-ml-sticla-apa.webp,99.81,"in stock",
1767,"Stone Total Orange 500 ml",https://127.0.0.1/media/Product/1767/resized640_stone-total-orange-500-ml-sticla-termos.webp,174.66,"in stock",
1769,"Total Orange 500 ml",https://127.0.0.1/media/Product/1769/resized640_total-orange-500-ml-sticla-apa.webp,99.81,"in stock",
1770,"Stone Tuxedo Black 330 ml",https://127.0.0.1/media/Product/1770/resized640_stone-tuxedo-black-330-ml-sticla-termos.webp,134.74,"in stock",
1772,"Stone Tuxedo Black 500 ml",https://127.0.0.1/media/Product/1772/resized640_stone-tuxedo-black-500-ml-sticla-termos.webp,174.66,"in stock",
1774,"Tuxedo Black 850 ml",https://127.0.0.1/media/Product/1774/resized640_tuxedo-black-850-ml-sticla-termos.webp,224.57,"in stock",
1775,"Tuxedo Black 250 ml",https://127.0.0.1/media/Product/1775/resized640_tuxedo-black-250-ml-sticla-apa.webp,74.86,"in stock",
1776,"Tuxedo Black 500 ml",https://127.0.0.1/media/Product/1776/resized640_tuxedo-black-500-ml-sticla-apa.webp,99.81,"in stock",
1777,"Tuxedo Black 1000 ml",https://127.0.0.1/media/Product/1777/resized640_tuxedo-black-1000-ml-sticla-apa.webp,124.76,"in stock",
1778,"Tuxedo Black 350 ml",https://127.0.0.1/media/Product/1778/resized640_tuxedo-black-350-ml-cana-termos.webp,144.72,"in stock",
1779,"Stone Tuxedo Black 600 ml",https://127.0.0.1/media/Product/1779/resized640_stone-tuxedo-black-600-ml-cana-termos.webp,184.64,"in stock",
1781,"Aster 330 ml",https://127.0.0.1/media/Product/1781/resized640_aster-330-ml-sticla-termos.webp,134.74,"in stock",
1782,"Camo Zone 330 ml",https://127.0.0.1/media/Product/1782/resized640_camo-zone-330-ml-sticla-termos.webp,134.74,"in stock",
1784,"Little Buds 330 ml",https://127.0.0.1/media/Product/1784/resized640_little-buds-330-ml-sticla-termos.webp,134.74,"in stock",
1785,"Lotus 330 ml",https://127.0.0.1/media/Product/1785/resized640_lotus-330-ml-sticla-termos.webp,134.74,"in stock",
1786,"Sequoia Wood 330 ml",https://127.0.0.1/media/Product/1786/resized640_sequoia-wood-330-ml-sticla-termos.webp,134.74,"in stock",
1787,"Amnesia 500 ml",https://127.0.0.1/media/Product/1787/resized640_amnesia-500-ml-sticla-termos.webp,174.66,"in stock",
1788,"Ashanti Batik 500 ml",https://127.0.0.1/media/Product/1788/resized640_ashanti-batik-500-ml-sticla-termos.webp,174.66,"in stock",
1789,"Aster 500 ml",https://127.0.0.1/media/Product/1789/resized640_aster-500-ml-sticla-termos.webp,174.66,"in stock",
1790,"Begonia 500 ml",https://127.0.0.1/media/Product/1790/resized640_begonia-500-ml-sticla-termos.webp,174.66,"in stock",
1793,"Camo Zone 500 ml",https://127.0.0.1/media/Product/1793/resized640_camo-zone-500-ml-sticla-termos.webp,174.66,"in stock",
1797,"Ebony Rose 500 ml",https://127.0.0.1/media/Product/1797/resized640_ebony-rose-500-ml-sticla-termos.webp,174.66,"in stock",
1799,"Grace 500 ml",https://127.0.0.1/media/Product/1799/resized640_grace-500-ml-sticla-termos.webp,174.66,"in stock",
1801,"Little Buds 500 ml",https://127.0.0.1/media/Product/1801/resized640_little-buds-500-ml-sticla-termos.webp,174.66,"in stock",
1802,"Lotus 500 ml",https://127.0.0.1/media/Product/1802/resized640_lotus-500-ml-sticla-termos.webp,174.66,"in stock",
1803,"Lovesong 500 ml",https://127.0.0.1/media/Product/1803/resized640_lovesong-500-ml-sticla-termos.webp,174.66,"in stock",
1804,"Mangrove 500 ml",https://127.0.0.1/media/Product/1804/resized640_mangrove-500-ml-sticla-termos.webp,174.66,"in stock",
1809,"Pure Love 500 ml",https://127.0.0.1/media/Product/1809/resized640_pure-love-500-ml-sticla-termos.webp,174.66,"in stock",
1810,"Silkroad 500 ml",https://127.0.0.1/media/Product/1810/resized640_silkroad-500-ml-sticla-termos.webp,174.66,"in stock",
1811,"Windy Day 500 ml",https://127.0.0.1/media/Product/1811/resized640_windy-day-500-ml-sticla-termos.webp,174.66,"in stock",
1812,"Sequoia Wood 500 ml",https://127.0.0.1/media/Product/1812/resized640_sequoia-wood-500-ml-sticla-termos.webp,174.66,"in stock",
1813,"Amnesia 850 ml",https://127.0.0.1/media/Product/1813/resized640_amnesia-850-ml-sticla-termos.webp,224.57,"in stock",
1814,"Begonia 850 ml",https://127.0.0.1/media/Product/1814/resized640_begonia-850-ml-sticla-termos.webp,224.57,"in stock",
1816,"Sequoia Wood 850 ml",https://127.0.0.1/media/Product/1816/resized640_sequoia-wood-850-ml-sticla-termos.webp,224.57,"in stock",
1817,"Windy Day 850 ml",https://127.0.0.1/media/Product/1817/resized640_windy-day-850-ml-sticla-termos.webp,224.57,"in stock",
1818,"Little Buds 350 ml",https://127.0.0.1/media/Product/1818/resized640_little-buds-350-ml-cana-termos.webp,144.72,"in stock",
1819,"Marrakech 350 ml",https://127.0.0.1/media/Product/1819/resized640_marrakech-350-ml-cana-termos.webp,144.72,"in stock",
1820,"Sequoia Wood 350 ml",https://127.0.0.1/media/Product/1820/resized640_sequoia-wood-350-ml-cana-termos.webp,144.72,"in stock",
1821,"Virtue 350 ml",https://127.0.0.1/media/Product/1821/resized640_virtue-350-ml-cana-termos.webp,144.72,"in stock",
1823,"Little Buds 600 ml",https://127.0.0.1/media/Product/1823/resized640_little-buds-600-ml-cana-termos.webp,184.64,"in stock",
1824,"Sequoia Wood 600 ml",https://127.0.0.1/media/Product/1824/resized640_sequoia-wood-600-ml-cana-termos.webp,184.64,"in stock",
1825,"Virtue 600 ml",https://127.0.0.1/media/Product/1825/resized640_virtue-600-ml-cana-termos.webp,184.64,"in stock",
1826,"Cara 1000 ml",https://127.0.0.1/media/Product/1826/resized640_cara-1000-ml-sticla-apa.webp,124.76,"in stock",
1827,"Iris 1000 ml",https://127.0.0.1/media/Product/1827/resized640_iris-1000-ml-sticla-apa.webp,124.76,"in stock",
1828,"Melody 1000 ml",https://127.0.0.1/media/Product/1828/resized640_melody-1000-ml-sticla-apa.webp,124.76,"in stock",
1829,"Petit Jardin 1000 ml",https://127.0.0.1/media/Product/1829/resized640_petit-jardin-1000-ml-sticla-apa.webp,124.76,"in stock",
1830,"Ultraviolet 1000 ml",https://127.0.0.1/media/Product/1830/resized640_ultraviolet-1000-ml-sticla-apa.webp,124.76,"in stock",
1831,"Melody 250 ml",https://127.0.0.1/media/Product/1831/resized640_melody-250-ml-sticla-apa.webp,74.86,"in stock",
1832,"Petit Jardin 250 ml",https://127.0.0.1/media/Product/1832/resized640_petit-jardin-250-ml-sticla-apa.webp,74.86,"in stock",
1834,"Cara 500 ml",https://127.0.0.1/media/Product/1834/resized640_cara-500-ml-sticla-apa.webp,99.81,"in stock",
1835,"Denim Bouquet 500 ml",https://127.0.0.1/media/Product/1835/resized640_denim-bouquet-500-ml-sticla-apa.webp,99.81,"in stock",
1836,"Essence 500 ml",https://127.0.0.1/media/Product/1836/resized640_essence-500-ml-sticla-apa.webp,99.81,"in stock",
1837,"Iris 500 ml",https://127.0.0.1/media/Product/1837/resized640_iris-500-ml-sticla-apa.webp,99.81,"in stock",
1838,"Melody 500 ml",https://127.0.0.1/media/Product/1838/resized640_melody-500-ml-sticla-apa.webp,99.81,"in stock",
1840,"Petit Jardin 500 ml",https://127.0.0.1/media/Product/1840/resized640_petit-jardin-500-ml-sticla-apa.webp,99.81,"in stock",
1841,"Pink Paradise 500 ml",https://127.0.0.1/media/Product/1841/resized640_pink-paradise-500-ml-sticla-apa.webp,99.81,"in stock",
1845,"Ultraviolet 500 ml",https://127.0.0.1/media/Product/1845/resized640_ultraviolet-500-ml-sticla-apa.webp,99.81,"in stock",
1851,"Mountains 330 ml",https://127.0.0.1/media/Product/1851/resized640_mountains-330-ml-sticla-termos.webp,134.74,"in stock",
1852,"Mountains 500 ml",https://127.0.0.1/media/Product/1852/resized640_mountains-500-ml-sticla-termos.webp,174.66,"in stock",
1853,"Mountains 850 ml",https://127.0.0.1/media/Product/1853/resized640_mountains-850-ml-sticla-termos.webp,224.57,"in stock",
1854,"Mountains 350 ml",https://127.0.0.1/media/Product/1854/resized640_mountains-350-ml-cana-termos.webp,144.72,"in stock",
1858,"White Calypso 500 ml",https://127.0.0.1/media/Product/1858/resized640_white-calypso-500-ml-sticla-termos.webp,174.66,"in stock",
1860,"Best Friends 250 ml Inox fără BPA 24 Bottles",https://127.0.0.1/media/Product/1860/resized640_best-friends-250-ml-sticla-apa.webp,84.84,"in stock",
1861,"Best Friends 500 ml Inox fără BPA 24 Bottles",https://127.0.0.1/media/Product/1861/resized640_best-friends-500-ml-sticla-apa.webp,124.76,"in stock",
1863,"Jungle Friends 250 ml Inox fără BPA 24 Bottles",https://127.0.0.1/media/Product/1863/resized640_jungle-friends-250-ml-sticla-apa.webp,84.84,"in stock",
1864,"Jungle Friends 500 ml Inox fără BPA 24 Bottles",https://127.0.0.1/media/Product/1864/resized640_jungle-friends-500-ml-sticla-apa.webp,124.76,"in stock",
1865,"Sticlă Apă Copii Magic Friends 250 ml Inox fără BPA 24 Bottles",https://127.0.0.1/media/Product/1865/resized640_magic-freinds-250-ml-sticla-apa.webp,84.84,"in stock",
1866,"Magic Friends 500 ml Sticlă Apă Copii din Inox fără BPA 24 Bottles",https://127.0.0.1/media/Product/1866/resized640_magic-freinds-500-ml-sticla-apa.webp,124.76,"in stock","Sticle Apă Copii"
1867,"Sea Friends 250 ml Inox fără BPA 24 Bottles",https://127.0.0.1/media/Product/1867/resized640_sea-friends-250-ml-sticla-apa.webp,84.84,"in stock",
1868,"Sea Friends 500 ml Inox fără BPA 24 Bottles",https://127.0.0.1/media/Product/1868/resized640_sea-friends-500-ml-sticla-apa.webp,124.76,"in stock",
1869,"Adventure 250 ml Inox fără BPA 24 Bottles",https://127.0.0.1/media/Product/1869/resized640_adventure-250-ml-sticla-apa.webp,84.84,"in stock",
1870,"Adventure 500 ml Inox fără BPA 24 Bottles",https://127.0.0.1/media/Product/1870/resized640_adventure-500-ml-sticla-apa.webp,124.76,"in stock",
1871,"Jurassic 250 ml Inox fără BPA 24 Bottles",https://127.0.0.1/media/Product/1871/resized640_jurassic-250-ml-sticla-apa.webp,84.84,"in stock",
1872,"Jurassic 500 ml Inox fără BPA 24 Bottles",https://127.0.0.1/media/Product/1872/resized640_jurassic-500-ml-sticla-apa.webp,124.76,"in stock",
1873,"Cloud Blue 250 ml Inox fără BPA 24 Bottles",https://127.0.0.1/media/Product/1873/resized640_cloud-blue-250-ml-sticla-apa.webp,84.84,"in stock",
1874,"Candy Pink 250 ml Inox fără BPA 24 Bottles",https://127.0.0.1/media/Product/1874/resized640_candy-pink-250-ml-sticla-apa.webp,84.84,"in stock",
1879,"Brushed Steel",https://127.0.0.1/media/Product/1879/resized640_brushed-steel-cutie-pranz.webp,249.52,"in stock",
1880,"Ice White",https://127.0.0.1/media/Product/1880/resized640_ice-white-cutie-pranz.webp,249.52,"in stock",
1881,"Tuxedo Black",https://127.0.0.1/media/Product/1881/resized640_tuxedo-black-cutie-pranz.webp,249.52,"in stock",
1882,"Atlantic Bay",https://127.0.0.1/media/Product/1882/resized640_atlantic-bay-cutie-pranz.webp,249.52,"in stock",
1883,"Hot Red",https://127.0.0.1/media/Product/1883/resized640_hot-red-cutie-pranz.webp,249.52,"in stock",
1884,"Little Buds",https://127.0.0.1/media/Product/1884/resized640_little-buds-cutie-pranz.webp,299.42,"in stock",
1885,Amnesia,https://127.0.0.1/media/Product/1885/resized640_amnesia-cutie-pranz.webp,299.42,"in stock",
1886,"Dusty Pink",https://127.0.0.1/media/Product/1886/resized640_dusty-pink-cutie-pranz.webp,249.52,"in stock",
1887,"Rustic Blue",https://127.0.0.1/media/Product/1887/resized640_rustic-blue-cutie-pranz.webp,249.52,"in stock",
1888,Sage,https://127.0.0.1/media/Product/1888/resized640_sage-cutie-pranz.webp,249.52,"in stock",
1889,"Set 3 Tacâmuri",https://127.0.0.1/media/Product/1889/resized640_set-3-tacamuri-accesorii.webp,74.86,"in stock",
1890,"Capac Negru Pentru Cană Termos",https://127.0.0.1/media/Product/1890/resized640_capac-negru-pentru-cana-termos-accesorii.webp,49.9,"in stock",
1891,"Capac Mâncare Negru Pentru Cană Termos",https://127.0.0.1/media/Product/1891/resized640_capac-mancare-negru-pentru-cana-termos-accesorii-2.webp,49.9,"in stock",
1892,"Capac Negru Sport Pentru Cană Termos",https://127.0.0.1/media/Product/1892/resized640_capac-pentru-cana-termos-negru-accesorii-top.webp,49.9,"in stock",
1893,"Capac Negru Sport Pentru Sticlă Apă",https://127.0.0.1/media/Product/1893/resized640_capac-sport-pentru-sticla-apa-accesorii.webp,39.92,"in stock",
1894,"Capac Negru Pentru Sticlă Termos",https://127.0.0.1/media/Product/1894/resized640_capac-negru-pentru-sticla-termos-accesorii.webp,49.9,"in stock",
1895,"Capac Pentru Sticlă Apă",https://127.0.0.1/media/Product/1895/resized640_capac-pentru-sticla-apa-accesorii.webp,24.95,"in stock",
1896,"Mâner Negru Pentru Sticlă",https://127.0.0.1/media/Product/1896/resized640_maner-negru-pentru-sticla-accesorii.webp,24.95,"in stock",
1897,"Capac Radiance Pentru Sticlă Termos",https://127.0.0.1/media/Product/1897/resized640_capac-radiance-pentru-sticla-termos-accesorii.webp,49.9,"in stock",
1898,"Capac Brushed Steel Pentru Sticlă Termos",https://127.0.0.1/media/Product/1898/resized640_capac-brushed-steel-pentru-sticla-termos-accesorii.webp,49.9,"in stock",
1899,"Capac Fire Red Pentru Sticlă Termos",https://127.0.0.1/media/Product/1899/resized640_capac-fire-red-pentru-sticla-termos-accesorii.webp,49.9,"in stock",
1900,"Capac Yellow Gold Pentru Sticlă Termos",https://127.0.0.1/media/Product/1900/resized640_capac-yellow-gold-pentru-sticla-termos-accesorii.webp,49.9,"in stock",
1901,"Capac Lagoon Blue Pentru Sticlă Apă",https://127.0.0.1/media/Product/1901/resized640_capac-lagoon-blue-pentru-sticla-apa-accesorii.webp,24.95,"in stock",
1902,"Infuzor Sticlă Light Blue",https://127.0.0.1/media/Product/1902/resized640_infuzor-sticla-light-blue-accesorii.webp,59.88,"in stock",
1903,"Capac Sport Light Blue Pentru Sticlă Apă",https://127.0.0.1/media/Product/1903/resized640_capac-sport-light-blue-pentru-sticla-apa-accesorii.webp,39.92,"in stock",
1904,"Capac Light Blue Pentru Sticlă Termos",https://127.0.0.1/media/Product/1904/resized640_capac-light-blue-pentru-sticla-termos-accesorii.webp,49.9,"in stock",
1905,"Capac Light Blue Pentru Sticlă Apă",https://127.0.0.1/media/Product/1905/resized640_capac-light-blue-pentru-sticla-apa-accesorii.webp,24.95,"in stock",
1906,"Mâner Light Blue Pentru Sticlă",https://127.0.0.1/media/Product/1906/resized640_maner-light-blue-pentru-sticla-accesorii.webp,24.95,"in stock",
1907,"Infuzor Sticlă Light Green",https://127.0.0.1/media/Product/1907/resized640_infuzor-sticla-light-green-accesorii.webp,59.88,"in stock",
1908,"Capac Sport  Light Green Pentru Sticlă Apă",https://127.0.0.1/media/Product/1908/resized640_capac-sport--light-green-pentru-sticla-apa-accesorii.webp,39.92,"in stock",
1909,"Capac Light Green Pentru Sticlă Termos",https://127.0.0.1/media/Product/1909/resized640_capac-light-green-pentru-sticla-termos-accesorii.webp,49.9,"in stock",
1910,"Capac Light Green Pentru Sticlă Apă",https://127.0.0.1/media/Product/1910/resized640_capac-light-green-pentru-sticla-apa-accesorii.webp,24.95,"in stock",
1911,"Mâner Light Green Pentru Sticlă",https://127.0.0.1/media/Product/1911/resized640_maner-light-green-pentru-sticla-accesorii.webp,24.95,"in stock",
1912,"Infuzor Sticlă Light Grey",https://127.0.0.1/media/Product/1912/resized640_infuzor-sticla-light-grey-accesorii.webp,59.88,"in stock",
1913,"Capac Sport Light Grey Pentru Sticlă Apă",https://127.0.0.1/media/Product/1913/resized640_capac-sport-light-grey-pentru-sticla-apa-accesorii.webp,39.92,"in stock",
1914,"Capac Light Grey Pentru Sticlă Termos",https://127.0.0.1/media/Product/1914/resized640_capac-light-grey-pentru-sticla-termos-accesorii.webp,49.9,"in stock",
1915,"Capac Light Grey Pentru Sticlă Apă",https://127.0.0.1/media/Product/1915/resized640_capac-light-grey-pentru-sticla-apa-accesorii.webp,24.95,"in stock",
1916,"Mâner Light Grey Pentru Sticlă",https://127.0.0.1/media/Product/1916/resized640_maner-light-grey-pentru-sticla-accesorii.webp,24.95,"in stock",
1917,"Infuzor Sticlă Light Pink",https://127.0.0.1/media/Product/1917/resized640_infuzor-sticla-light-pink-accesorii.webp,59.88,"in stock",
1918,"Capac Sport Light Pink Pentru Sticlă Apă",https://127.0.0.1/media/Product/1918/resized640_capac-light-pink-pentru-sticla-termos-accesorii.webp,39.92,"in stock",
1919,"Capac Light Pink Pentru Sticlă Termos",https://127.0.0.1/media/Product/1919/resized640_capac-light-pink-pentru-sticla-termos-accesorii.webp,49.9,"in stock",
1920,"Capac Light Pink Pentru Sticlă Apă",https://127.0.0.1/media/Product/1920/resized640_capac-light-pink-pentru-sticla-apa-accesorii.webp,24.95,"in stock",
1921,"Mâner Light Pink Pentru Sticlă",https://127.0.0.1/media/Product/1921/resized640_maner-light-pink-pentru-sticla-accesorii.webp,24.95,"in stock",
1922,"Infuzor Sticlă Light Yellow",https://127.0.0.1/media/Product/1922/resized640_infuzor-sticla-light-yellow-accesorii.webp,59.88,"in stock",
1923,"Capac Sport Light Yellow Pentru Sticlă Apă",https://127.0.0.1/media/Product/1923/resized640_capac-sport-light-yellow-pentru-sticla-apa-accesorii.webp,39.92,"in stock",
1924,"Capac Light Yellow Pentru Sticlă Termos",https://127.0.0.1/media/Product/1924/resized640_capac-light-yellow-pentru-sticla-termos-accesorii.webp,49.9,"in stock",
1925,"Capac Light Yellow Pentru Sticlă Apă",https://127.0.0.1/media/Product/1925/resized640_capac-light-yellow-pentru-sticla-apa-accesorii.webp,24.95,"in stock",
1926,"Mâner Light Yellow Pentru Sticlă",https://127.0.0.1/media/Product/1926/resized640_maner-light-yellow-pentru-sticla-accesorii.webp,24.95,"in stock",
1927,"Capac Sport White Orange Pentru Sticlă Apă",https://127.0.0.1/media/Product/1927/resized640_capac-white-orange-pentru-sticla-apa-accesorii.webp,39.92,"in stock",
1928,"Capac Orange Pentru Sticlă Apă",https://127.0.0.1/media/Product/1928/resized640_capac-orange-pentru-sticla-apa-accesorii.webp,24.95,"in stock",
1929,"Mâner Orange Pentru Sticlă",https://127.0.0.1/media/Product/1929/resized640_maner-orange-pentru-sticla-apa-accesorii.webp,24.95,"in stock",
1930,"Capac Passion Pink Pentru Sticlă Apă",https://127.0.0.1/media/Product/1930/resized640_Untitled.webp,24.95,"in stock",
1931,"Capac Sparkling Gold Pentru Sticlă Termos",https://127.0.0.1/media/Product/1931/resized640_capac-sparkling-gold-pentru-sticla-termos-accesorii.webp,49.9,"in stock",
1932,"Capac Rose Gold Pentru Sticlă Termos",https://127.0.0.1/media/Product/1932/resized640_capac-rose-gold-pentru-sticla-termos-accesorii.webp,49.9,"in stock",
1933,"Set 4 Pahare 350 ml",https://127.0.0.1/media/Product/1933/resized640_set-4-pahare-350-ml-accesorii.webp,149.71,"in stock",
1934,"Set 4 Paie",https://127.0.0.1/media/Product/1934/resized640_stainless-steel-straw-x4-pack-accesorii.webp,49.9,"in stock",
1935,"Capac White Pentru Sticlă Termos",https://127.0.0.1/media/Product/1935/resized640_2.1.webp,49.9,"in stock",
1937,"Husă Termică 250ml",https://127.0.0.1/media/Product/1937/resized640_w1.webp,34.93,"in stock",
1938,"Cosmic Flower 500 ml",https://127.0.0.1/media/Product/1938/resized640_cosmic-flower-500-ml-sticla-termos.webp,174.66,"in stock",
1939,"Daydreaming 330 ml",https://127.0.0.1/media/Product/1939/resized640_daydreaming-330-ml-sticla-termos.webp,134.74,"in stock",
1941,"Daydreaming 850 ml",https://127.0.0.1/media/Product/1941/resized640_daydreaming-850-ml-sticla-termos.webp,224.57,"in stock",
1943,"Daydreaming 1000 ml",https://127.0.0.1/media/Product/1943/resized640_daydreaming-1000-ml-sticla-apa.webp,124.76,"in stock",
1944,"Daydreaming 500 ml",https://127.0.0.1/media/Product/1944/resized640_daydreaming-500-ml-sticla-apa.webp,99.81,"in stock",
1945,"Galileo 500 ml",https://127.0.0.1/media/Product/1945/resized640_galileo-500-ml-sticla-termos.webp,174.66,"in stock",
1946,"Groovy Red 500 ml",https://127.0.0.1/media/Product/1946/resized640_groovy-red-500-ml-sticla-termos.webp,174.66,"in stock",
1948,"Groovy White 350 ml",https://127.0.0.1/media/Product/1948/resized640_groovy-white-350-ml-cana-termos.webp,144.72,"in stock",
1949,"Radio Galaxy 500 ml",https://127.0.0.1/media/Product/1949/resized640_radio-galaxy-500-ml-sticla-termos.webp,174.66,"in stock",
1950,"Radio Galaxy 500 ml",https://127.0.0.1/media/Product/1950/resized640_radio-galaxy-500-ml-sticla-apa.webp,99.81,"in stock",
1952,"test 1",https://127.0.0.1/media/Product/1952/resized640_test.jpeg,119,"in stock",
